               epoch,      train/box_loss,      train/obj_loss,      train/cls_loss,   metrics/precision,      metrics/recall,     metrics/mAP_0.5,metrics/mAP_0.5:0.95,        val/box_loss,        val/obj_loss,        val/cls_loss,               x/lr0,               x/lr1,               x/lr2
                   0,            0.096127,            0.039428,            0.025032,           0.0034507,             0.18793,           0.0039955,           0.0011138,            0.087351,            0.029479,            0.034588,            0.070204,           0.0033107,           0.0033107
                   1,            0.079534,            0.039055,            0.018884,             0.11511,             0.15265,            0.045466,            0.012161,            0.072114,            0.035625,            0.029376,            0.040182,           0.0066221,           0.0066221
                   2,            0.067062,            0.032632,            0.013211,             0.30483,             0.34347,             0.19028,            0.062007,            0.058955,            0.042858,            0.021022,            0.010138,           0.0099115,           0.0099115
                   3,            0.057668,            0.029033,            0.010277,             0.57961,             0.49271,             0.45883,             0.16958,            0.049691,            0.028643,            0.012561,            0.009901,            0.009901,            0.009901
                   4,            0.052066,            0.027257,           0.0084384,             0.68019,             0.53723,             0.57875,              0.2339,            0.045845,            0.022514,            0.014135,            0.009901,            0.009901,            0.009901
                   5,            0.049229,            0.026197,           0.0073919,              0.7302,             0.57614,             0.63537,             0.26854,            0.043755,            0.021402,            0.010458,            0.009868,            0.009868,            0.009868
                   6,            0.047102,            0.024827,           0.0065868,             0.75454,             0.53879,             0.61447,             0.27759,            0.043114,            0.021344,            0.011512,            0.009835,            0.009835,            0.009835
                   7,            0.045749,            0.024359,           0.0062437,             0.76806,              0.6218,             0.69446,             0.31719,            0.041907,            0.019987,            0.011916,            0.009802,            0.009802,            0.009802
                   8,            0.044437,            0.023688,           0.0057866,             0.79089,             0.65991,             0.73761,             0.33233,            0.040459,            0.019546,           0.0096901,            0.009769,            0.009769,            0.009769
                   9,            0.043601,            0.023392,           0.0056196,               0.818,             0.67473,             0.75229,             0.35614,            0.038994,               0.019,           0.0093913,            0.009736,            0.009736,            0.009736
                  10,             0.04255,            0.023063,           0.0051774,             0.81774,             0.66867,              0.7511,             0.35248,            0.039614,            0.019251,            0.010314,            0.009703,            0.009703,            0.009703
                  11,            0.042007,            0.022836,           0.0049745,             0.81927,             0.69952,             0.76819,             0.35994,             0.03826,              0.0186,           0.0093069,             0.00967,             0.00967,             0.00967
                  12,            0.041445,            0.022599,           0.0047958,              0.8357,             0.69695,             0.77344,             0.36371,            0.038082,            0.018627,           0.0089354,            0.009637,            0.009637,            0.009637
                  13,            0.040823,            0.021999,           0.0047354,             0.83047,             0.71392,             0.77988,              0.3753,            0.037771,            0.018418,           0.0093924,            0.009604,            0.009604,            0.009604
                  14,            0.040582,            0.022004,           0.0044058,             0.82043,              0.7115,             0.78387,              0.3843,            0.037453,            0.018292,           0.0090768,            0.009571,            0.009571,            0.009571
                  15,            0.040389,            0.022054,           0.0045508,             0.84949,             0.71933,             0.79457,             0.38697,            0.037441,            0.018061,           0.0089931,            0.009538,            0.009538,            0.009538
                  16,            0.039849,            0.021763,           0.0042769,             0.82965,             0.72947,             0.79118,             0.38489,             0.03739,            0.018028,           0.0097125,            0.009505,            0.009505,            0.009505
                  17,            0.039399,            0.021425,           0.0040733,             0.84624,             0.74136,             0.80824,             0.39776,            0.036394,            0.017705,           0.0087117,            0.009472,            0.009472,            0.009472
                  18,            0.038918,            0.021214,           0.0040076,             0.84643,             0.73628,             0.80628,             0.40459,            0.036312,            0.017762,           0.0085759,            0.009439,            0.009439,            0.009439
                  19,            0.039085,            0.021406,           0.0041026,             0.83464,              0.7523,             0.81133,             0.40482,            0.036036,            0.017596,           0.0090523,            0.009406,            0.009406,            0.009406
                  20,            0.038651,            0.020931,           0.0039348,             0.83734,              0.7525,             0.81058,              0.4116,            0.035899,            0.017549,           0.0080496,            0.009373,            0.009373,            0.009373
                  21,            0.038437,            0.021027,           0.0038022,             0.85689,             0.75828,             0.82259,             0.41208,            0.035775,            0.017526,           0.0081031,             0.00934,             0.00934,             0.00934
                  22,            0.038251,            0.021034,           0.0037208,             0.84578,             0.74344,             0.81215,             0.40137,            0.036139,            0.017534,           0.0082498,            0.009307,            0.009307,            0.009307
                  23,            0.038171,            0.020972,           0.0037411,             0.85604,             0.76449,             0.82208,             0.41402,            0.035852,             0.01728,           0.0081923,            0.009274,            0.009274,            0.009274
                  24,            0.037877,            0.020903,            0.003556,             0.84387,             0.76486,             0.82417,             0.41779,            0.035172,            0.017336,           0.0081193,            0.009241,            0.009241,            0.009241
                  25,            0.037599,            0.020656,           0.0035546,              0.8596,             0.76258,             0.83004,             0.42959,            0.035266,            0.017319,           0.0075968,            0.009208,            0.009208,            0.009208
                  26,            0.037514,            0.020621,            0.003636,             0.87126,             0.75532,             0.82985,              0.4188,            0.035249,            0.017287,            0.007972,            0.009175,            0.009175,            0.009175
                  27,            0.037444,            0.020603,           0.0033981,             0.87341,             0.76994,              0.8398,             0.43652,            0.034726,            0.017016,             0.00734,            0.009142,            0.009142,            0.009142
                  28,            0.037085,            0.020126,           0.0035156,             0.86847,              0.7748,             0.84043,             0.42774,            0.035195,            0.017162,           0.0072008,            0.009109,            0.009109,            0.009109
                  29,            0.036931,             0.02048,           0.0034484,             0.86137,             0.79121,             0.84136,             0.43833,            0.034599,             0.01672,           0.0074967,            0.009076,            0.009076,            0.009076
                  30,             0.03709,            0.020416,           0.0033316,             0.86812,             0.76827,             0.83494,             0.42862,            0.035125,            0.017205,           0.0079586,            0.009043,            0.009043,            0.009043
                  31,             0.03696,            0.020245,            0.003387,             0.87125,             0.78463,             0.84792,             0.43342,            0.034824,            0.016853,           0.0074119,             0.00901,             0.00901,             0.00901
                  32,            0.036868,            0.020229,           0.0033114,             0.85932,             0.79552,             0.84999,             0.44038,            0.034426,            0.017019,           0.0071424,            0.008977,            0.008977,            0.008977
                  33,            0.036492,            0.020057,           0.0032744,             0.85845,              0.7958,             0.84527,             0.43972,            0.034072,             0.01667,           0.0069635,            0.008944,            0.008944,            0.008944
                  34,            0.036557,            0.020174,           0.0032562,              0.8631,              0.7934,             0.84551,             0.44954,            0.033788,            0.016665,           0.0077221,            0.008911,            0.008911,            0.008911
                  35,            0.036267,            0.019944,           0.0031237,             0.86578,             0.78921,             0.84949,             0.44466,            0.033846,            0.016528,           0.0073222,            0.008878,            0.008878,            0.008878
                  36,            0.036317,            0.020234,           0.0031657,             0.87667,             0.78623,             0.85157,             0.44588,            0.034105,            0.016535,           0.0073901,            0.008845,            0.008845,            0.008845
                  37,            0.036042,            0.019992,           0.0032072,             0.87169,             0.79916,             0.85132,             0.44916,            0.033777,            0.016502,            0.006974,            0.008812,            0.008812,            0.008812
                  38,            0.036218,            0.019818,           0.0030659,             0.86865,             0.79527,              0.8542,              0.4457,            0.033943,             0.01663,           0.0071794,            0.008779,            0.008779,            0.008779
                  39,            0.036069,             0.01984,           0.0032397,             0.87692,             0.79227,             0.85855,             0.45454,            0.033753,            0.016452,           0.0070242,            0.008746,            0.008746,            0.008746
                  40,            0.035996,            0.019879,           0.0030219,             0.86803,             0.80548,             0.85876,             0.45484,            0.033565,            0.016398,           0.0067964,            0.008713,            0.008713,            0.008713
                  41,            0.035926,            0.019752,           0.0029587,             0.87068,             0.80487,             0.86276,             0.45327,            0.033602,            0.016455,            0.007151,             0.00868,             0.00868,             0.00868
                  42,            0.036026,             0.01973,           0.0030042,               0.874,             0.80515,             0.85892,             0.46244,            0.032919,            0.016233,           0.0071776,            0.008647,            0.008647,            0.008647
                  43,            0.035683,            0.019602,           0.0029749,             0.87782,             0.80734,             0.86277,             0.46113,            0.033223,            0.016344,           0.0064849,            0.008614,            0.008614,            0.008614
                  44,            0.035618,            0.019626,           0.0029471,             0.87911,             0.80046,             0.86061,             0.46211,            0.033166,             0.01634,           0.0072837,            0.008581,            0.008581,            0.008581
                  45,            0.035534,            0.019608,           0.0029075,             0.86993,             0.80183,             0.85859,             0.45817,            0.033208,            0.016318,           0.0076303,            0.008548,            0.008548,            0.008548
                  46,            0.035332,            0.019584,           0.0028496,             0.87819,             0.80872,             0.86355,             0.46396,            0.033159,            0.016083,           0.0068191,            0.008515,            0.008515,            0.008515
                  47,            0.035312,            0.019505,           0.0028793,             0.87764,             0.81168,             0.86523,              0.4667,            0.033284,            0.016263,           0.0071326,            0.008482,            0.008482,            0.008482
                  48,            0.035227,            0.019495,           0.0028854,             0.87316,             0.81582,             0.86637,             0.46773,            0.033115,             0.01623,           0.0069118,            0.008449,            0.008449,            0.008449
                  49,            0.035411,            0.019515,            0.002972,             0.88533,               0.806,              0.8637,             0.46912,            0.032973,            0.016148,           0.0076786,            0.008416,            0.008416,            0.008416
                  50,            0.035323,            0.019549,           0.0028543,             0.87535,             0.81726,             0.86686,             0.46316,            0.033224,            0.016234,           0.0068893,            0.008383,            0.008383,            0.008383
                  51,            0.035019,            0.019394,           0.0027846,             0.86866,               0.823,             0.86907,              0.4732,            0.032961,            0.016073,            0.006838,             0.00835,             0.00835,             0.00835
                  52,            0.035166,            0.019471,            0.002867,             0.87239,             0.81473,             0.86674,             0.46963,            0.032949,            0.016056,           0.0066339,            0.008317,            0.008317,            0.008317
                  53,            0.034978,            0.019283,           0.0027916,             0.87675,              0.8123,              0.8682,             0.47231,            0.032635,            0.016033,           0.0071685,            0.008284,            0.008284,            0.008284
                  54,            0.034651,            0.019051,           0.0026682,             0.86962,             0.81964,              0.8671,             0.47256,            0.032843,            0.016026,           0.0074887,            0.008251,            0.008251,            0.008251
                  55,            0.035025,              0.0194,           0.0027577,             0.87061,             0.82054,              0.8719,             0.47291,            0.032935,            0.016016,           0.0071689,            0.008218,            0.008218,            0.008218
                  56,            0.034741,            0.019119,           0.0026317,             0.87907,             0.81164,             0.87485,               0.475,            0.032699,            0.016063,           0.0071166,            0.008185,            0.008185,            0.008185
                  57,             0.03497,            0.019416,           0.0028549,             0.87461,             0.81794,              0.8706,             0.47769,            0.032646,            0.015999,            0.007071,            0.008152,            0.008152,            0.008152
                  58,            0.034636,            0.019117,           0.0026672,             0.86418,             0.82738,              0.8719,             0.47499,              0.0327,            0.016029,           0.0068663,            0.008119,            0.008119,            0.008119
                  59,            0.034704,            0.019179,           0.0026788,              0.8574,             0.83449,             0.87432,             0.47819,            0.032694,            0.015926,           0.0069201,            0.008086,            0.008086,            0.008086
                  60,            0.034445,            0.019225,           0.0025858,             0.88645,             0.81673,             0.87543,              0.4801,             0.03269,            0.015889,           0.0065907,            0.008053,            0.008053,            0.008053
                  61,            0.034707,             0.01933,             0.00258,             0.88416,             0.81861,             0.87507,             0.48083,            0.032526,             0.01585,           0.0068728,             0.00802,             0.00802,             0.00802
                  62,            0.034578,            0.018942,           0.0026382,             0.88914,             0.81219,             0.87423,             0.48067,            0.032594,             0.01586,            0.007104,            0.007987,            0.007987,            0.007987
                  63,            0.034492,            0.019229,           0.0025617,             0.88983,             0.81227,             0.87644,             0.48075,            0.032564,            0.015904,           0.0070461,            0.007954,            0.007954,            0.007954
                  64,            0.034617,            0.019011,           0.0026022,             0.87822,             0.82429,              0.8756,             0.47914,            0.032607,            0.015875,           0.0068822,            0.007921,            0.007921,            0.007921
                  65,            0.034298,            0.019028,           0.0025354,              0.8808,             0.82253,             0.87369,             0.48166,            0.032498,            0.015808,           0.0069904,            0.007888,            0.007888,            0.007888
                  66,            0.034389,            0.019179,            0.002664,             0.87748,              0.8275,             0.87647,             0.48493,            0.032331,            0.015758,           0.0066626,            0.007855,            0.007855,            0.007855
                  67,            0.034417,            0.019108,           0.0025999,             0.87224,              0.8316,              0.8772,             0.48341,            0.032318,             0.01578,           0.0068032,            0.007822,            0.007822,            0.007822
                  68,            0.034105,            0.019001,           0.0024847,             0.88299,             0.82008,             0.87691,             0.48503,            0.032276,            0.015749,           0.0066597,            0.007789,            0.007789,            0.007789
                  69,             0.03428,            0.018931,           0.0025484,              0.8853,             0.81912,              0.8761,             0.48296,            0.032442,            0.015781,           0.0069477,            0.007756,            0.007756,            0.007756
                  70,            0.034066,            0.019085,           0.0025015,              0.8689,             0.83463,             0.87575,             0.48569,            0.032297,            0.015697,           0.0069502,            0.007723,            0.007723,            0.007723
                  71,            0.034058,            0.018823,           0.0024785,             0.87078,             0.83535,             0.87708,             0.48417,            0.032299,            0.015746,            0.006909,             0.00769,             0.00769,             0.00769
                  72,            0.033966,            0.018734,           0.0025189,             0.87367,             0.83581,             0.87891,             0.48515,            0.032292,            0.015744,           0.0068016,            0.007657,            0.007657,            0.007657
                  73,            0.033964,            0.018941,           0.0025281,             0.88435,             0.82664,             0.87932,             0.48662,            0.032125,            0.015724,           0.0066671,            0.007624,            0.007624,            0.007624
                  74,            0.033687,            0.018923,           0.0024148,             0.88281,             0.82901,             0.87942,             0.48695,              0.0321,            0.015748,            0.006632,            0.007591,            0.007591,            0.007591
                  75,            0.033853,            0.019003,           0.0023878,              0.8885,             0.82719,              0.8815,             0.48865,            0.032074,            0.015719,           0.0066715,            0.007558,            0.007558,            0.007558
                  76,            0.033891,            0.018972,           0.0024455,             0.88595,             0.82839,             0.88223,             0.48784,             0.03204,             0.01573,           0.0067256,            0.007525,            0.007525,            0.007525
                  77,            0.033919,            0.018827,           0.0023518,             0.88271,             0.83334,             0.88167,             0.48708,            0.032098,            0.015727,           0.0067714,            0.007492,            0.007492,            0.007492
                  78,            0.033953,            0.018744,           0.0024245,             0.87621,             0.84188,             0.88134,             0.48788,            0.032099,            0.015687,           0.0068686,            0.007459,            0.007459,            0.007459
                  79,            0.033611,            0.018625,           0.0022724,             0.87644,             0.84006,             0.88041,             0.48915,            0.032101,            0.015658,           0.0069973,            0.007426,            0.007426,            0.007426
                  80,            0.033628,            0.018787,           0.0023639,              0.8793,             0.83848,             0.88186,             0.49033,            0.032074,             0.01563,           0.0069844,            0.007393,            0.007393,            0.007393
                  81,            0.033592,            0.018884,           0.0023109,             0.87747,             0.84036,             0.88225,             0.49093,            0.032046,            0.015629,           0.0071204,             0.00736,             0.00736,             0.00736
                  82,            0.033601,            0.018667,           0.0023647,             0.87827,             0.83888,             0.88155,             0.48915,            0.032086,            0.015649,           0.0071108,            0.007327,            0.007327,            0.007327
                  83,            0.033659,            0.018631,           0.0024208,             0.88555,             0.83127,              0.8816,              0.4904,            0.032033,            0.015641,           0.0069937,            0.007294,            0.007294,            0.007294
                  84,            0.033512,             0.01865,           0.0023488,              0.8841,             0.83513,             0.88117,             0.49071,            0.032004,            0.015634,           0.0069915,            0.007261,            0.007261,            0.007261
                  85,            0.033318,             0.01845,           0.0023131,             0.88545,             0.83127,             0.88176,             0.49143,            0.031964,            0.015627,           0.0069414,            0.007228,            0.007228,            0.007228
                  86,             0.03342,            0.018562,           0.0023054,             0.88277,             0.83586,             0.88234,              0.4918,            0.031892,            0.015611,           0.0069468,            0.007195,            0.007195,            0.007195
                  87,            0.033313,            0.018623,           0.0022668,             0.88135,             0.83616,             0.88274,             0.49294,            0.031847,            0.015591,           0.0069374,            0.007162,            0.007162,            0.007162
                  88,            0.033379,            0.018426,           0.0022589,             0.87067,             0.84464,             0.88222,             0.49327,            0.031808,            0.015596,           0.0069421,            0.007129,            0.007129,            0.007129
                  89,            0.033434,            0.018556,           0.0023088,              0.8778,             0.83949,             0.88326,             0.49333,            0.031816,              0.0156,           0.0069311,            0.007096,            0.007096,            0.007096
                  90,            0.033341,            0.018621,           0.0023133,             0.88179,             0.83602,              0.8828,             0.49392,            0.031817,            0.015598,           0.0069265,            0.007063,            0.007063,            0.007063
                  91,            0.033233,             0.01875,           0.0022561,             0.87794,             0.84185,             0.88266,             0.49378,            0.031818,            0.015593,           0.0068799,             0.00703,             0.00703,             0.00703
                  92,            0.033195,             0.01845,           0.0022204,             0.87614,             0.84505,             0.88388,              0.4945,            0.031816,            0.015589,            0.006908,            0.006997,            0.006997,            0.006997
                  93,            0.033046,            0.018599,           0.0022615,             0.87943,             0.84425,             0.88395,             0.49351,            0.031829,            0.015593,           0.0069371,            0.006964,            0.006964,            0.006964
                  94,            0.032958,            0.018387,           0.0022238,             0.87933,             0.84468,              0.8831,             0.49357,            0.031803,            0.015583,           0.0069599,            0.006931,            0.006931,            0.006931
                  95,            0.033108,            0.018463,           0.0021546,             0.87407,              0.8489,             0.88348,             0.49378,            0.031822,            0.015589,           0.0069765,            0.006898,            0.006898,            0.006898
                  96,            0.033017,            0.018392,           0.0021988,             0.88464,             0.83917,             0.88337,              0.4939,            0.031823,            0.015582,           0.0069965,            0.006865,            0.006865,            0.006865
                  97,            0.033202,            0.018457,           0.0022344,              0.8819,             0.84214,             0.88357,             0.49419,            0.031823,            0.015582,           0.0069719,            0.006832,            0.006832,            0.006832
                  98,            0.033029,            0.018515,           0.0022095,             0.88267,             0.84242,             0.88238,             0.49458,            0.031801,            0.015572,           0.0069881,            0.006799,            0.006799,            0.006799
                  99,            0.032991,            0.018369,            0.002148,             0.88179,             0.83961,             0.88148,             0.49515,            0.031791,            0.015564,           0.0070092,            0.006766,            0.006766,            0.006766
                 100,            0.032856,            0.018472,           0.0021531,             0.87931,              0.8403,             0.88146,             0.49475,            0.031802,            0.015563,           0.0070164,            0.006733,            0.006733,            0.006733
                 101,            0.032753,            0.018356,           0.0021435,             0.87712,             0.84311,             0.88184,             0.49481,            0.031806,            0.015563,            0.007033,              0.0067,              0.0067,              0.0067
                 102,            0.032888,            0.018364,           0.0022038,             0.87683,             0.84246,             0.88168,             0.49567,            0.031798,            0.015556,           0.0070578,            0.006667,            0.006667,            0.006667
                 103,            0.032896,            0.018466,           0.0022202,              0.8798,             0.83821,             0.88198,             0.49585,            0.031787,            0.015552,           0.0070599,            0.006634,            0.006634,            0.006634
                 104,            0.032858,            0.018649,           0.0020941,             0.88169,              0.8377,             0.88164,             0.49609,            0.031788,            0.015547,           0.0070704,            0.006601,            0.006601,            0.006601
                 105,            0.032695,            0.018223,           0.0021574,             0.88025,             0.83935,             0.88188,             0.49661,            0.031765,            0.015544,           0.0070672,            0.006568,            0.006568,            0.006568
                 106,            0.032664,            0.018308,           0.0021639,               0.878,             0.84237,             0.88204,             0.49629,            0.031763,            0.015544,           0.0070609,            0.006535,            0.006535,            0.006535
                 107,            0.032619,            0.018398,           0.0020807,             0.87518,             0.84351,             0.88203,             0.49648,            0.031761,            0.015545,           0.0070663,            0.006502,            0.006502,            0.006502
                 108,            0.032587,            0.018273,           0.0021089,              0.8878,             0.83206,             0.88221,              0.4972,            0.031746,            0.015539,           0.0070486,            0.006469,            0.006469,            0.006469
                 109,            0.032708,            0.018265,           0.0021595,             0.87071,             0.85051,             0.88276,             0.49704,            0.031729,            0.015535,           0.0070502,            0.006436,            0.006436,            0.006436
                 110,            0.032817,            0.018248,           0.0021033,             0.87195,             0.84863,             0.88286,             0.49744,            0.031723,            0.015537,           0.0070407,            0.006403,            0.006403,            0.006403
                 111,            0.032325,            0.018205,           0.0020489,             0.87285,             0.84941,             0.88356,             0.49777,            0.031726,            0.015541,           0.0070242,             0.00637,             0.00637,             0.00637
                 112,            0.032406,            0.018046,           0.0020181,             0.87225,             0.84975,             0.88399,             0.49761,            0.031727,             0.01554,           0.0070258,            0.006337,            0.006337,            0.006337
                 113,            0.032698,            0.018289,           0.0020826,             0.87176,             0.84864,             0.88404,              0.4979,            0.031717,            0.015536,           0.0070138,            0.006304,            0.006304,            0.006304
                 114,            0.032661,            0.018246,           0.0020331,             0.88056,             0.84437,             0.88446,             0.49786,             0.03171,            0.015534,           0.0070084,            0.006271,            0.006271,            0.006271
                 115,            0.032498,            0.018023,           0.0020187,             0.88028,             0.84532,             0.88439,             0.49805,            0.031708,             0.01553,           0.0069974,            0.006238,            0.006238,            0.006238
                 116,            0.032389,            0.018194,           0.0020867,             0.87532,             0.84854,             0.88453,              0.4979,              0.0317,            0.015529,           0.0069806,            0.006205,            0.006205,            0.006205
                 117,            0.032236,            0.018211,           0.0019186,             0.87489,             0.84913,             0.88417,              0.4981,             0.03169,            0.015529,           0.0069735,            0.006172,            0.006172,            0.006172
                 118,            0.032433,            0.018186,            0.002017,             0.88099,             0.84336,             0.88425,             0.49799,            0.031686,            0.015526,           0.0069789,            0.006139,            0.006139,            0.006139
                 119,            0.032091,             0.01801,           0.0019858,             0.88086,             0.84333,             0.88431,             0.49842,            0.031682,            0.015527,           0.0069846,            0.006106,            0.006106,            0.006106
                 120,            0.032151,            0.018024,           0.0019742,             0.88077,             0.84383,             0.88444,             0.49835,            0.031694,            0.015528,           0.0069922,            0.006073,            0.006073,            0.006073
                 121,            0.032105,            0.018203,           0.0020027,             0.88015,             0.84312,             0.88402,             0.49807,            0.031698,            0.015529,            0.007001,             0.00604,             0.00604,             0.00604
                 122,            0.032155,            0.018045,           0.0019382,             0.87683,             0.84866,             0.88412,             0.49812,            0.031695,            0.015528,           0.0070076,            0.006007,            0.006007,            0.006007
                 123,            0.032151,            0.018035,           0.0019679,             0.87756,             0.84862,             0.88432,             0.49857,            0.031699,            0.015531,           0.0070205,            0.005974,            0.005974,            0.005974
                 124,            0.031982,            0.017904,           0.0019558,             0.87966,             0.84502,             0.88414,             0.49819,            0.031701,            0.015532,           0.0070317,            0.005941,            0.005941,            0.005941
                 125,            0.031882,             0.01799,           0.0019602,              0.8806,             0.84442,             0.88408,             0.49819,            0.031694,            0.015532,            0.007036,            0.005908,            0.005908,            0.005908
                 126,            0.031977,            0.017908,           0.0019324,             0.87758,             0.84953,             0.88472,             0.49825,             0.03169,            0.015533,           0.0070393,            0.005875,            0.005875,            0.005875
                 127,            0.032065,            0.017841,           0.0019348,             0.87787,             0.85031,             0.88505,             0.49813,            0.031697,            0.015536,           0.0070421,            0.005842,            0.005842,            0.005842
                 128,            0.032071,            0.018025,           0.0019031,             0.87948,             0.84977,             0.88551,             0.49804,            0.031696,            0.015536,           0.0070453,            0.005809,            0.005809,            0.005809
                 129,            0.032003,            0.017959,           0.0018965,             0.88039,             0.84763,             0.88568,             0.49843,            0.031693,            0.015536,           0.0070463,            0.005776,            0.005776,            0.005776
                 130,             0.03178,            0.017824,           0.0019213,             0.88201,              0.8467,             0.88565,             0.49835,            0.031698,            0.015538,           0.0070503,            0.005743,            0.005743,            0.005743
                 131,            0.031948,            0.018006,           0.0019123,              0.8808,             0.84628,             0.88505,             0.49848,            0.031692,            0.015538,           0.0070542,             0.00571,             0.00571,             0.00571
                 132,             0.03182,            0.017967,           0.0019401,              0.8786,             0.84936,             0.88535,             0.49872,            0.031692,            0.015539,           0.0070583,            0.005677,            0.005677,            0.005677
                 133,            0.032011,             0.01774,           0.0019108,             0.87831,             0.85107,              0.8855,             0.49889,            0.031689,             0.01554,           0.0070603,            0.005644,            0.005644,            0.005644
                 134,            0.031904,            0.017926,           0.0018303,             0.87661,             0.85108,             0.88515,             0.49855,            0.031688,            0.015541,           0.0070724,            0.005611,            0.005611,            0.005611
                 135,            0.031635,            0.018152,           0.0018246,             0.87675,             0.85021,             0.88483,             0.49862,            0.031679,            0.015539,           0.0070764,            0.005578,            0.005578,            0.005578
                 136,            0.031682,            0.017921,            0.001903,             0.87735,             0.84981,             0.88534,             0.49893,            0.031678,            0.015538,           0.0070804,            0.005545,            0.005545,            0.005545
                 137,            0.031625,            0.017773,           0.0017968,             0.87738,             0.85016,             0.88566,             0.49925,            0.031676,            0.015539,             0.00708,            0.005512,            0.005512,            0.005512
                 138,            0.031365,            0.017718,           0.0018199,             0.87688,             0.85023,             0.88543,             0.49896,            0.031672,            0.015538,           0.0070769,            0.005479,            0.005479,            0.005479
                 139,            0.031661,            0.017769,           0.0017804,             0.87696,             0.84992,             0.88557,             0.49927,            0.031673,             0.01554,           0.0070731,            0.005446,            0.005446,            0.005446
                 140,            0.031427,            0.017707,            0.001838,             0.87708,             0.85004,             0.88535,             0.49882,            0.031677,             0.01554,           0.0070731,            0.005413,            0.005413,            0.005413
                 141,            0.031446,            0.017888,           0.0017781,             0.87733,             0.84959,             0.88547,             0.49923,            0.031674,             0.01554,           0.0070704,             0.00538,             0.00538,             0.00538
                 142,             0.03144,            0.017535,           0.0018551,             0.87735,             0.84966,             0.88605,             0.49963,            0.031673,            0.015541,            0.007066,            0.005347,            0.005347,            0.005347
                 143,            0.031526,            0.017728,           0.0017792,             0.87715,             0.84922,             0.88563,             0.49929,            0.031674,            0.015541,           0.0070641,            0.005314,            0.005314,            0.005314
                 144,             0.03137,            0.017688,           0.0017485,             0.87785,             0.84936,             0.88579,             0.49961,            0.031675,            0.015541,            0.007066,            0.005281,            0.005281,            0.005281
                 145,            0.031204,            0.017429,           0.0017729,             0.87732,             0.85097,              0.8857,             0.49937,            0.031679,            0.015544,           0.0070699,            0.005248,            0.005248,            0.005248
                 146,            0.031261,            0.017603,            0.001756,              0.8776,             0.85001,             0.88561,              0.4995,            0.031682,            0.015545,           0.0070653,            0.005215,            0.005215,            0.005215
                 147,            0.031209,              0.0177,           0.0017266,             0.87884,             0.84917,             0.88605,             0.49967,            0.031686,            0.015547,           0.0070621,            0.005182,            0.005182,            0.005182
                 148,            0.031172,            0.017595,           0.0017102,             0.87942,             0.84923,             0.88599,             0.49964,            0.031692,            0.015548,            0.007065,            0.005149,            0.005149,            0.005149
                 149,            0.030964,            0.017693,           0.0017491,             0.88023,             0.84764,             0.88597,             0.49988,            0.031695,            0.015549,           0.0070667,            0.005116,            0.005116,            0.005116
                 150,            0.031159,            0.017558,           0.0018195,             0.87995,             0.84775,             0.88605,             0.49949,            0.031695,            0.015551,           0.0070601,            0.005083,            0.005083,            0.005083
                 151,            0.031121,            0.017338,           0.0017722,             0.87937,             0.84811,             0.88583,             0.49969,            0.031701,            0.015553,           0.0070545,             0.00505,             0.00505,             0.00505
                 152,            0.031149,            0.017712,           0.0016788,              0.8793,             0.84867,             0.88636,             0.49969,            0.031702,            0.015552,           0.0070534,            0.005017,            0.005017,            0.005017
                 153,            0.031217,            0.017456,           0.0017282,              0.8797,             0.84854,             0.88594,             0.49927,            0.031704,            0.015552,           0.0070549,            0.004984,            0.004984,            0.004984
                 154,            0.030853,            0.017557,             0.00167,             0.87898,             0.84811,             0.88592,             0.49932,            0.031703,            0.015552,           0.0070556,            0.004951,            0.004951,            0.004951
                 155,            0.030939,            0.017517,           0.0016364,             0.88023,             0.84757,             0.88607,             0.49947,            0.031705,            0.015554,            0.007055,            0.004918,            0.004918,            0.004918
                 156,            0.030741,             0.01743,           0.0016936,             0.88035,             0.84638,             0.88552,             0.49935,            0.031707,            0.015555,           0.0070587,            0.004885,            0.004885,            0.004885
                 157,            0.031004,            0.017328,           0.0016512,             0.88065,             0.84574,             0.88543,             0.49953,            0.031703,            0.015554,           0.0070628,            0.004852,            0.004852,            0.004852
                 158,            0.031084,            0.017398,           0.0016062,             0.88122,             0.84684,              0.8861,              0.4997,            0.031705,            0.015554,           0.0070631,            0.004819,            0.004819,            0.004819
                 159,            0.030797,            0.017337,             0.00173,             0.88149,              0.8469,             0.88574,             0.49956,             0.03171,            0.015554,           0.0070663,            0.004786,            0.004786,            0.004786
                 160,            0.030916,            0.017485,           0.0016198,             0.88206,              0.8466,             0.88597,             0.49963,             0.03171,            0.015558,           0.0070732,            0.004753,            0.004753,            0.004753
                 161,             0.03085,            0.017523,           0.0016557,             0.88272,             0.84653,             0.88636,             0.49977,            0.031706,            0.015558,           0.0070741,             0.00472,             0.00472,             0.00472
                 162,            0.030759,            0.017347,           0.0016518,             0.88018,             0.84724,             0.88589,              0.4997,            0.031703,            0.015559,           0.0070757,            0.004687,            0.004687,            0.004687
                 163,            0.030803,            0.017388,           0.0016431,             0.88233,             0.84613,             0.88557,              0.4996,            0.031704,            0.015559,           0.0070776,            0.004654,            0.004654,            0.004654
                 164,            0.030723,            0.017283,           0.0015826,             0.87872,             0.84687,             0.88449,             0.49945,            0.031699,            0.015561,           0.0070806,            0.004621,            0.004621,            0.004621
                 165,             0.03054,            0.017299,           0.0015954,             0.88088,             0.84555,             0.88491,             0.49965,            0.031695,            0.015562,           0.0070775,            0.004588,            0.004588,            0.004588
                 166,            0.030566,            0.017296,           0.0015905,             0.87969,             0.84644,             0.88544,             0.49983,            0.031691,            0.015563,           0.0070808,            0.004555,            0.004555,            0.004555
                 167,            0.030458,            0.017106,           0.0016372,             0.88124,             0.84656,             0.88577,             0.49962,            0.031692,            0.015566,           0.0070829,            0.004522,            0.004522,            0.004522
                 168,            0.030329,            0.017271,           0.0015528,             0.87961,             0.84684,             0.88519,             0.49941,            0.031692,            0.015565,           0.0070862,            0.004489,            0.004489,            0.004489
                 169,             0.03049,            0.017365,           0.0015777,             0.87963,             0.84651,              0.8853,             0.49931,            0.031691,            0.015566,           0.0070913,            0.004456,            0.004456,            0.004456
                 170,            0.030344,            0.017249,           0.0015167,             0.87872,             0.84664,             0.88562,             0.49976,             0.03169,            0.015569,           0.0070972,            0.004423,            0.004423,            0.004423
                 171,            0.030382,            0.017219,           0.0015794,             0.87731,             0.84839,             0.88536,             0.49986,            0.031685,            0.015568,           0.0071001,             0.00439,             0.00439,             0.00439
                 172,            0.030337,            0.017221,           0.0015559,             0.87762,             0.84865,             0.88547,             0.49984,            0.031683,            0.015568,           0.0071007,            0.004357,            0.004357,            0.004357
                 173,            0.030305,            0.017049,           0.0016543,             0.87742,             0.84922,             0.88548,                 0.5,            0.031686,            0.015569,           0.0071074,            0.004324,            0.004324,            0.004324
                 174,             0.03032,            0.017157,           0.0015946,             0.87736,             0.84913,             0.88539,              0.4998,            0.031688,            0.015571,           0.0071153,            0.004291,            0.004291,            0.004291
                 175,             0.03016,            0.017244,           0.0015336,             0.87715,             0.84856,             0.88521,             0.49985,            0.031687,            0.015573,           0.0071247,            0.004258,            0.004258,            0.004258
                 176,            0.030248,            0.017309,           0.0015069,              0.8769,             0.84878,             0.88508,             0.49988,            0.031689,            0.015571,           0.0071283,            0.004225,            0.004225,            0.004225
                 177,            0.030114,            0.017236,           0.0014905,             0.87772,             0.84941,              0.8853,             0.49976,            0.031693,            0.015574,           0.0071351,            0.004192,            0.004192,            0.004192
                 178,            0.030116,            0.017233,           0.0014972,             0.87794,             0.84926,             0.88527,             0.49988,            0.031693,            0.015576,           0.0071415,            0.004159,            0.004159,            0.004159
                 179,            0.029987,            0.017042,           0.0014177,             0.88078,             0.84506,              0.8851,             0.49972,            0.031698,            0.015575,           0.0071508,            0.004126,            0.004126,            0.004126
                 180,             0.02993,            0.016955,           0.0015303,             0.88084,             0.84486,             0.88473,             0.49952,            0.031698,            0.015577,           0.0071552,            0.004093,            0.004093,            0.004093
                 181,            0.030044,             0.01707,           0.0015059,             0.88065,             0.84556,             0.88505,             0.49967,            0.031702,            0.015576,           0.0071561,             0.00406,             0.00406,             0.00406
                 182,            0.029719,             0.01689,           0.0014566,             0.88284,             0.84404,             0.88538,             0.49999,            0.031706,            0.015578,           0.0071575,            0.004027,            0.004027,            0.004027
                 183,            0.029915,            0.017237,            0.001445,             0.88371,             0.84398,             0.88562,             0.50037,            0.031708,            0.015578,           0.0071635,            0.003994,            0.003994,            0.003994
                 184,             0.02976,            0.016942,           0.0015231,             0.87492,             0.84887,              0.8853,             0.50051,            0.031709,            0.015581,           0.0071651,            0.003961,            0.003961,            0.003961
                 185,            0.029962,            0.016998,           0.0014773,             0.88821,             0.84065,             0.88613,             0.50038,            0.031708,             0.01558,           0.0071712,            0.003928,            0.003928,            0.003928
                 186,             0.02971,            0.016889,           0.0014635,             0.88738,             0.84088,             0.88586,             0.50039,            0.031711,            0.015583,           0.0071762,            0.003895,            0.003895,            0.003895
                 187,            0.029674,            0.017074,           0.0014834,              0.8885,             0.84052,             0.88603,             0.50045,            0.031709,            0.015585,           0.0071783,            0.003862,            0.003862,            0.003862
                 188,            0.029571,            0.016847,           0.0014293,             0.88822,             0.83995,             0.88555,             0.50057,             0.03171,            0.015588,           0.0071854,            0.003829,            0.003829,            0.003829
                 189,            0.029725,            0.016927,           0.0014611,             0.88003,             0.84693,              0.8862,              0.5006,            0.031712,            0.015588,           0.0071918,            0.003796,            0.003796,            0.003796
                 190,            0.029408,            0.016924,           0.0014436,             0.88025,             0.84681,             0.88627,             0.50103,             0.03171,            0.015588,           0.0071927,            0.003763,            0.003763,            0.003763
                 191,            0.029446,            0.016734,           0.0014472,             0.87963,              0.8467,             0.88638,             0.50085,            0.031712,            0.015588,           0.0071979,             0.00373,             0.00373,             0.00373
                 192,            0.029344,            0.016799,           0.0013937,             0.88454,             0.84335,             0.88624,             0.50105,            0.031709,            0.015588,           0.0072061,            0.003697,            0.003697,            0.003697
                 193,            0.029372,             0.01687,           0.0013778,             0.88402,             0.84391,               0.887,             0.50075,            0.031707,            0.015587,           0.0072083,            0.003664,            0.003664,            0.003664
                 194,            0.029404,            0.016841,           0.0013689,             0.87562,             0.85183,             0.88698,             0.50094,            0.031705,            0.015588,           0.0072099,            0.003631,            0.003631,            0.003631
                 195,            0.029526,            0.016787,             0.00138,             0.87632,             0.85185,              0.8868,              0.5013,            0.031697,            0.015589,           0.0072118,            0.003598,            0.003598,            0.003598
                 196,            0.029124,            0.016837,           0.0014432,             0.87617,             0.85218,             0.88694,             0.50128,            0.031695,            0.015591,           0.0072148,            0.003565,            0.003565,            0.003565
                 197,            0.029352,            0.016815,           0.0014068,             0.87645,              0.8527,             0.88702,             0.50136,            0.031692,            0.015594,           0.0072178,            0.003532,            0.003532,            0.003532
                 198,            0.029175,            0.016832,           0.0013303,             0.87666,             0.85331,              0.8873,             0.50156,            0.031688,            0.015597,           0.0072177,            0.003499,            0.003499,            0.003499
                 199,            0.029076,            0.016878,            0.001402,             0.87687,             0.85139,             0.88716,             0.50163,            0.031685,            0.015596,           0.0072176,            0.003466,            0.003466,            0.003466
                 200,            0.029125,            0.016734,           0.0013564,             0.87934,               0.849,             0.88733,             0.50129,            0.031683,            0.015597,            0.007222,            0.003433,            0.003433,            0.003433
                 201,            0.029015,            0.016625,           0.0013747,             0.87822,             0.85001,             0.88733,             0.50143,            0.031683,            0.015599,           0.0072233,              0.0034,              0.0034,              0.0034
                 202,            0.028942,            0.016697,           0.0013571,             0.87858,              0.8508,             0.88725,             0.50122,            0.031685,            0.015602,           0.0072292,            0.003367,            0.003367,            0.003367
                 203,            0.029012,            0.016686,           0.0013366,             0.87764,               0.851,             0.88707,             0.50101,            0.031677,            0.015602,           0.0072385,            0.003334,            0.003334,            0.003334
                 204,            0.028863,            0.016493,           0.0013795,             0.87779,             0.85103,             0.88709,             0.50106,             0.03168,            0.015605,           0.0072469,            0.003301,            0.003301,            0.003301
                 205,            0.028819,             0.01662,           0.0013006,              0.8782,             0.85066,             0.88716,             0.50136,            0.031676,            0.015607,           0.0072525,            0.003268,            0.003268,            0.003268
                 206,            0.029015,            0.016622,           0.0013097,             0.87839,             0.85077,             0.88713,             0.50127,            0.031675,            0.015608,           0.0072582,            0.003235,            0.003235,            0.003235
                 207,            0.028918,            0.016787,           0.0013247,             0.87973,             0.84959,             0.88717,             0.50145,            0.031674,            0.015609,           0.0072573,            0.003202,            0.003202,            0.003202
                 208,            0.028762,            0.016435,            0.001292,             0.88099,             0.84954,             0.88719,             0.50164,            0.031673,            0.015612,           0.0072598,            0.003169,            0.003169,            0.003169
                 209,            0.028961,             0.01646,           0.0013038,             0.88374,             0.84674,             0.88748,             0.50152,            0.031678,            0.015612,           0.0072633,            0.003136,            0.003136,            0.003136
                 210,            0.028668,            0.016612,           0.0012849,             0.88428,             0.84655,             0.88759,             0.50155,            0.031683,            0.015616,           0.0072693,            0.003103,            0.003103,            0.003103
                 211,            0.028603,            0.016484,           0.0012907,               0.884,             0.84697,             0.88741,             0.50149,            0.031683,            0.015618,           0.0072718,             0.00307,             0.00307,             0.00307
                 212,            0.028501,            0.016352,           0.0013145,             0.88462,             0.84698,              0.8873,             0.50139,            0.031688,            0.015619,           0.0072764,            0.003037,            0.003037,            0.003037
                 213,            0.028441,            0.016371,           0.0012354,             0.88457,             0.84695,             0.88736,             0.50126,            0.031691,            0.015621,           0.0072818,            0.003004,            0.003004,            0.003004
                 214,            0.028392,            0.016431,           0.0012959,             0.88438,             0.84707,             0.88733,             0.50129,            0.031694,            0.015626,           0.0072822,            0.002971,            0.002971,            0.002971
                 215,            0.028266,            0.016197,           0.0011712,             0.88431,             0.84791,             0.88729,             0.50125,            0.031702,            0.015629,           0.0072857,            0.002938,            0.002938,            0.002938
                 216,            0.028417,            0.016455,           0.0012115,             0.88314,             0.84856,             0.88737,             0.50128,            0.031708,            0.015633,            0.007287,            0.002905,            0.002905,            0.002905
                 217,             0.02815,            0.016224,           0.0012399,             0.88482,             0.84677,             0.88749,             0.50129,            0.031708,            0.015636,           0.0072875,            0.002872,            0.002872,            0.002872
                 218,            0.028285,            0.016291,           0.0012483,             0.88511,             0.84569,             0.88749,              0.5014,            0.031716,            0.015641,           0.0072882,            0.002839,            0.002839,            0.002839
                 219,            0.028296,            0.016364,           0.0012995,             0.88438,             0.84677,             0.88748,             0.50096,            0.031723,            0.015644,           0.0072892,            0.002806,            0.002806,            0.002806
                 220,            0.028281,            0.016301,           0.0012334,              0.8857,             0.84659,             0.88756,             0.50118,            0.031726,            0.015649,           0.0072923,            0.002773,            0.002773,            0.002773
                 221,            0.028141,            0.016294,            0.001211,             0.88545,             0.84685,              0.8876,             0.50122,            0.031732,            0.015651,           0.0072946,             0.00274,             0.00274,             0.00274
                 222,            0.028114,            0.016118,           0.0011906,             0.88636,             0.84635,             0.88789,             0.50135,            0.031738,            0.015657,           0.0072993,            0.002707,            0.002707,            0.002707
                 223,             0.02819,            0.016272,           0.0011586,             0.88642,             0.84659,             0.88778,             0.50124,             0.03174,            0.015661,           0.0073032,            0.002674,            0.002674,            0.002674
                 224,            0.027934,            0.016141,           0.0012441,             0.88689,             0.84659,              0.8882,             0.50139,            0.031741,            0.015666,           0.0073074,            0.002641,            0.002641,            0.002641
                 225,            0.027873,            0.016032,           0.0011993,             0.88726,             0.84674,             0.88829,             0.50146,            0.031741,             0.01567,           0.0073107,            0.002608,            0.002608,            0.002608
                 226,            0.027933,             0.01609,           0.0011697,             0.88624,             0.84779,              0.8883,              0.5016,             0.03174,            0.015675,           0.0073136,            0.002575,            0.002575,            0.002575
                 227,             0.02766,            0.016259,           0.0011364,             0.88572,             0.84832,              0.8885,             0.50171,             0.03174,             0.01568,            0.007315,            0.002542,            0.002542,            0.002542
                 228,            0.027615,            0.015988,           0.0011348,             0.88427,             0.85116,             0.88874,             0.50197,             0.03174,            0.015682,           0.0073198,            0.002509,            0.002509,            0.002509
                 229,            0.027777,            0.016017,           0.0011725,             0.88539,             0.84974,             0.88863,             0.50194,            0.031737,            0.015688,           0.0073229,            0.002476,            0.002476,            0.002476
                 230,             0.02763,            0.015989,             0.00115,             0.88461,             0.85065,             0.88865,              0.5022,            0.031736,             0.01569,           0.0073266,            0.002443,            0.002443,            0.002443
                 231,            0.027516,            0.015795,           0.0011607,             0.88723,             0.84949,             0.88874,             0.50216,            0.031732,            0.015695,           0.0073338,             0.00241,             0.00241,             0.00241
                 232,            0.027596,            0.015903,             0.00121,             0.88699,             0.85032,             0.88893,             0.50243,            0.031731,            0.015698,           0.0073403,            0.002377,            0.002377,            0.002377
                 233,            0.027449,            0.015855,           0.0011257,             0.88596,             0.85032,             0.88869,              0.5026,            0.031728,            0.015701,           0.0073456,            0.002344,            0.002344,            0.002344
                 234,            0.027288,            0.015824,           0.0011081,             0.88474,              0.8519,              0.8883,             0.50279,            0.031729,            0.015706,           0.0073537,            0.002311,            0.002311,            0.002311
                 235,            0.027411,            0.015924,           0.0011627,             0.88558,             0.85178,             0.88833,             0.50269,            0.031735,            0.015711,           0.0073584,            0.002278,            0.002278,            0.002278
                 236,             0.02749,            0.015744,           0.0010947,              0.8857,             0.85229,             0.88829,             0.50271,            0.031739,            0.015717,           0.0073658,            0.002245,            0.002245,            0.002245
                 237,            0.027185,            0.015922,           0.0010734,             0.88508,             0.85308,             0.88831,             0.50261,            0.031743,            0.015722,           0.0073731,            0.002212,            0.002212,            0.002212
                 238,            0.027311,            0.015892,           0.0010888,             0.88588,             0.85299,             0.88867,             0.50287,            0.031746,            0.015728,           0.0073771,            0.002179,            0.002179,            0.002179
                 239,            0.027173,            0.015849,           0.0010694,             0.88764,               0.852,             0.88876,             0.50302,            0.031744,            0.015732,           0.0073827,            0.002146,            0.002146,            0.002146
                 240,            0.027003,            0.015531,           0.0010567,             0.88788,             0.85085,              0.8883,             0.50294,            0.031741,            0.015738,           0.0073864,            0.002113,            0.002113,            0.002113
                 241,            0.027051,            0.015788,           0.0010471,             0.88716,             0.85073,             0.88815,             0.50303,            0.031742,            0.015742,           0.0073921,             0.00208,             0.00208,             0.00208
                 242,            0.027172,            0.015673,           0.0010544,             0.88628,             0.84998,             0.88746,             0.50316,            0.031742,            0.015748,           0.0073961,            0.002047,            0.002047,            0.002047
                 243,            0.027025,            0.015752,           0.0010409,             0.88631,             0.84966,             0.88743,             0.50295,            0.031742,            0.015753,           0.0074035,            0.002014,            0.002014,            0.002014
                 244,            0.026928,            0.015716,           0.0010761,             0.88639,             0.84924,             0.88722,             0.50313,            0.031738,            0.015759,           0.0074102,            0.001981,            0.001981,            0.001981
                 245,            0.027051,            0.015688,            0.001052,             0.88647,             0.84921,               0.887,             0.50343,            0.031734,            0.015764,           0.0074136,            0.001948,            0.001948,            0.001948
                 246,            0.026688,            0.015593,           0.0010567,             0.88807,             0.84815,             0.88688,             0.50326,            0.031735,             0.01577,           0.0074203,            0.001915,            0.001915,            0.001915
                 247,            0.026631,            0.015496,            0.001012,             0.88756,             0.84946,              0.8873,             0.50348,            0.031737,            0.015777,           0.0074263,            0.001882,            0.001882,            0.001882
                 248,             0.02665,            0.015583,           0.0010324,             0.88689,             0.84897,             0.88668,             0.50331,            0.031742,            0.015784,           0.0074332,            0.001849,            0.001849,            0.001849
                 249,            0.026531,            0.015689,           0.0010232,             0.88687,             0.84857,             0.88671,             0.50323,            0.031747,            0.015791,           0.0074399,            0.001816,            0.001816,            0.001816
                 250,            0.026526,            0.015473,           0.0009834,             0.88674,             0.84878,             0.88686,             0.50336,            0.031747,            0.015797,            0.007451,            0.001783,            0.001783,            0.001783
                 251,            0.026663,            0.015549,          0.00097952,             0.88676,             0.84789,             0.88636,             0.50353,            0.031752,            0.015804,           0.0074606,             0.00175,             0.00175,             0.00175
                 252,            0.026261,            0.015346,          0.00098777,             0.88751,             0.84805,             0.88639,             0.50369,            0.031754,            0.015809,           0.0074679,            0.001717,            0.001717,            0.001717
                 253,            0.026296,            0.015329,           0.0009604,             0.88651,             0.84937,             0.88621,             0.50393,            0.031756,            0.015817,           0.0074719,            0.001684,            0.001684,            0.001684
                 254,            0.026107,            0.015152,          0.00098267,             0.88708,             0.85032,              0.8865,             0.50383,            0.031759,            0.015822,            0.007479,            0.001651,            0.001651,            0.001651
                 255,            0.026045,            0.015434,          0.00094158,             0.88752,             0.85079,             0.88686,             0.50409,            0.031757,            0.015829,           0.0074882,            0.001618,            0.001618,            0.001618
                 256,             0.02602,            0.015136,          0.00098069,             0.88731,             0.84977,             0.88692,             0.50393,            0.031758,            0.015837,           0.0074923,            0.001585,            0.001585,            0.001585
                 257,             0.02621,            0.015385,          0.00098219,             0.88735,             0.85061,             0.88707,              0.5041,            0.031752,            0.015841,            0.007499,            0.001552,            0.001552,            0.001552
                 258,            0.026085,            0.015316,          0.00095937,             0.88717,             0.85046,             0.88723,             0.50412,            0.031751,            0.015848,            0.007505,            0.001519,            0.001519,            0.001519
                 259,            0.025878,            0.015327,          0.00088061,             0.88674,             0.85036,             0.88708,             0.50437,            0.031755,            0.015857,           0.0075118,            0.001486,            0.001486,            0.001486
                 260,            0.025876,            0.015315,          0.00095589,             0.88701,             0.85036,             0.88717,             0.50429,            0.031756,            0.015861,           0.0075157,            0.001453,            0.001453,            0.001453
                 261,            0.025719,            0.015184,          0.00094712,             0.88638,             0.85107,             0.88708,             0.50425,             0.03176,             0.01587,           0.0075211,             0.00142,             0.00142,             0.00142
                 262,            0.025811,            0.015386,          0.00088863,             0.88643,             0.85124,             0.88704,              0.5042,            0.031761,             0.01588,            0.007526,            0.001387,            0.001387,            0.001387
                 263,            0.025774,             0.01524,          0.00088417,             0.88437,             0.85274,              0.8873,             0.50415,            0.031765,            0.015888,           0.0075322,            0.001354,            0.001354,            0.001354
                 264,            0.025668,            0.015064,          0.00088644,             0.88565,             0.85151,             0.88679,             0.50441,            0.031768,            0.015894,           0.0075377,            0.001321,            0.001321,            0.001321
                 265,            0.025568,            0.015038,          0.00091074,             0.88601,             0.85109,             0.88676,             0.50443,             0.03177,            0.015904,           0.0075442,            0.001288,            0.001288,            0.001288
                 266,            0.025634,            0.014968,          0.00091593,             0.88583,             0.85123,             0.88681,             0.50448,            0.031773,            0.015911,           0.0075493,            0.001255,            0.001255,            0.001255
                 267,            0.025422,            0.014958,          0.00089037,             0.88573,             0.85102,             0.88668,             0.50446,            0.031776,            0.015919,            0.007554,            0.001222,            0.001222,            0.001222
                 268,            0.025308,            0.014822,          0.00088171,             0.88556,             0.85143,             0.88663,             0.50453,            0.031779,            0.015927,           0.0075623,            0.001189,            0.001189,            0.001189
                 269,            0.025362,            0.015146,          0.00085536,             0.88717,             0.84983,             0.88639,             0.50456,            0.031787,            0.015936,           0.0075728,            0.001156,            0.001156,            0.001156
                 270,            0.025228,            0.015039,          0.00084674,             0.89183,             0.84663,             0.88666,             0.50435,            0.031795,            0.015942,           0.0075825,            0.001123,            0.001123,            0.001123
                 271,            0.025202,            0.015011,          0.00083936,             0.89149,             0.84625,             0.88641,             0.50433,            0.031805,            0.015954,           0.0075904,             0.00109,             0.00109,             0.00109
                 272,            0.025054,            0.014839,          0.00085757,             0.89118,             0.84666,             0.88617,             0.50429,            0.031811,            0.015963,           0.0075974,            0.001057,            0.001057,            0.001057
                 273,            0.024818,            0.014582,           0.0007996,             0.89171,             0.84653,             0.88627,              0.5044,            0.031818,            0.015974,           0.0076062,            0.001024,            0.001024,            0.001024
                 274,            0.025014,            0.014647,          0.00081668,             0.89217,             0.84638,             0.88614,             0.50447,            0.031822,             0.01598,           0.0076142,            0.000991,            0.000991,            0.000991
                 275,            0.024923,            0.014835,          0.00082177,             0.89195,             0.84599,             0.88608,             0.50429,            0.031828,             0.01599,           0.0076229,            0.000958,            0.000958,            0.000958
                 276,            0.024636,             0.01468,          0.00082804,             0.89206,             0.84582,             0.88586,             0.50439,            0.031834,            0.015999,           0.0076324,            0.000925,            0.000925,            0.000925
                 277,            0.024894,             0.01468,          0.00081518,             0.89099,              0.8457,             0.88558,             0.50439,             0.03184,            0.016008,           0.0076389,            0.000892,            0.000892,            0.000892
                 278,             0.02492,             0.01465,          0.00078899,             0.88904,             0.84693,              0.8855,             0.50441,            0.031848,            0.016017,           0.0076476,            0.000859,            0.000859,            0.000859
                 279,            0.024794,            0.014581,            0.000835,             0.88896,             0.84758,             0.88562,             0.50434,            0.031855,            0.016026,           0.0076529,            0.000826,            0.000826,            0.000826
                 280,            0.024593,            0.014588,          0.00084997,             0.88931,             0.84717,             0.88544,             0.50432,            0.031864,            0.016036,           0.0076591,            0.000793,            0.000793,            0.000793
                 281,            0.024725,            0.014549,          0.00079874,             0.88965,             0.84725,             0.88519,             0.50409,            0.031869,            0.016046,           0.0076628,             0.00076,             0.00076,             0.00076
                 282,            0.024333,            0.014405,           0.0007962,             0.88966,             0.84708,             0.88516,             0.50404,            0.031873,            0.016056,           0.0076699,            0.000727,            0.000727,            0.000727
                 283,            0.024487,            0.014644,          0.00077909,             0.88968,             0.84759,             0.88513,              0.5041,            0.031877,            0.016062,           0.0076768,            0.000694,            0.000694,            0.000694
                 284,            0.024445,            0.014594,          0.00079506,             0.88894,             0.84801,             0.88516,              0.5042,            0.031884,            0.016072,           0.0076854,            0.000661,            0.000661,            0.000661
                 285,            0.024155,            0.014377,           0.0007819,             0.88882,             0.84799,             0.88527,             0.50413,             0.03189,            0.016082,           0.0076944,            0.000628,            0.000628,            0.000628
                 286,            0.024037,            0.014367,           0.0006994,             0.88763,             0.84818,             0.88471,             0.50423,            0.031895,             0.01609,           0.0077041,            0.000595,            0.000595,            0.000595
                 287,            0.024081,            0.014409,          0.00072877,             0.88782,             0.84841,             0.88516,              0.5043,            0.031899,            0.016099,           0.0077128,            0.000562,            0.000562,            0.000562
                 288,            0.024053,            0.014379,          0.00077127,              0.8874,              0.8484,             0.88467,              0.5041,            0.031905,            0.016106,            0.007722,            0.000529,            0.000529,            0.000529
                 289,            0.024044,             0.01441,          0.00076135,             0.88772,             0.84817,             0.88458,             0.50408,            0.031911,            0.016114,           0.0077319,            0.000496,            0.000496,            0.000496
                 290,            0.024078,            0.014366,          0.00072629,             0.88892,             0.84737,               0.885,             0.50423,            0.031914,            0.016124,            0.007742,            0.000463,            0.000463,            0.000463
                 291,            0.023839,            0.014298,           0.0007057,             0.88866,             0.84784,             0.88443,             0.50387,            0.031919,            0.016132,           0.0077536,             0.00043,             0.00043,             0.00043
                 292,            0.023859,            0.014168,          0.00074744,             0.89002,             0.84633,             0.88437,              0.5038,            0.031924,            0.016143,           0.0077641,            0.000397,            0.000397,            0.000397
                 293,            0.023674,            0.014226,          0.00067374,             0.89078,             0.84652,             0.88461,             0.50373,            0.031931,            0.016152,           0.0077756,            0.000364,            0.000364,            0.000364
                 294,            0.023886,            0.014053,          0.00074524,              0.8902,             0.84648,             0.88414,              0.5038,            0.031934,            0.016162,           0.0077838,            0.000331,            0.000331,            0.000331
                 295,            0.023672,            0.014121,           0.0007213,              0.8901,             0.84691,             0.88401,             0.50382,             0.03194,            0.016171,           0.0077937,            0.000298,            0.000298,            0.000298
                 296,            0.023639,            0.014245,          0.00072036,             0.88982,             0.84643,             0.88387,              0.5039,            0.031943,            0.016182,           0.0078072,            0.000265,            0.000265,            0.000265
                 297,            0.023514,            0.013954,            0.000707,             0.88993,             0.84576,             0.88362,              0.5038,            0.031948,             0.01619,           0.0078189,            0.000232,            0.000232,            0.000232
                 298,            0.023534,            0.014059,          0.00065247,              0.8895,             0.84599,             0.88317,             0.50383,            0.031953,              0.0162,           0.0078324,            0.000199,            0.000199,            0.000199
                 299,             0.02341,            0.014084,          0.00065247,             0.88958,             0.84618,             0.88314,             0.50373,            0.031959,            0.016207,           0.0078464,            0.000166,            0.000166,            0.000166
